{"cameraMode":{"drawMode":0,"name":"Shaded","section":"Shading Mode"},"sceneLighting":true,"audioPlay":false,"sceneViewState":{"showFog":false,"showMaterialUpdate":false,"showSkybox":false,"showFlares":false,"showImageEffects":false,"showParticleSystems":false},"in2DMode":false,"pivot":{"x":-0.25237733125686648,"y":18.41657829284668,"z":28.750051498413087},"rotation":{"x":-0.020687870681285859,"y":-0.009002633392810822,"z":-0.0001863030920503661,"w":0.9997454285621643},"size":24.454673767089845,"orthographic":false}