{"cameraMode":{"drawMode":0,"name":"Shaded","section":"Shading Mode"},"sceneLighting":true,"audioPlay":false,"sceneViewState":{"showFog":true,"showMaterialUpdate":false,"showSkybox":true,"showFlares":true,"showImageEffects":true,"showParticleSystems":true},"in2DMode":false,"pivot":{"x":0.03822644427418709,"y":0.06882674247026444,"z":-0.1836707592010498},"rotation":{"x":-0.12316048890352249,"y":0.14444604516029359,"z":-0.018122365698218347,"w":-0.9816527962684631},"size":19.180095672607423,"orthographic":false}